{ "ambientocclusion": false, "textures": { "particle": "block/cauldron_side", "top": "block/cauldron_top", "bottom": "block/cauldron_bottom", "side": "block/cauldron_side_water1", "side2": "block/cauldron_side", "inside": "block/cauldron_inner_water1", "water": "block/water_still" }, "elements": [ {   "from": [ 0, 3, 0 ], "to": [ 2, 16, 16 ], "faces": { "down":  { "texture": "#inside" }, "up":    { "texture": "#top", "cullface": "up" }, "north": { "texture": "#side", "cullface": "north" }, "south": { "texture": "#side", "cullface": "south" }, "west":  { "texture": "#side", "cullface": "west" }, "east":  { "texture": "#side2" } } }, {   "from": [ 2, 3, 2 ], "to": [ 14, 4, 14 ], "faces": { "down":  { "texture": "#inside" }, "up":    { "texture": "#inside", "cullface": "up" }, "north": { "texture": "#side", "cullface": "north" }, "south": { "texture": "#side", "cullface": "south" }, "west":  { "texture": "#side", "cullface": "west" }, "east":  { "texture": "#side", "cullface": "east" } } }, {   "from": [ 14, 3, 0 ], "to": [ 16, 16, 16 ], "faces": { "down":  { "texture": "#inside" }, "up":    { "texture": "#top", "cullface": "up" }, "north": { "texture": "#side", "cullface": "north" }, "south": { "texture": "#side", "cullface": "south" }, "west":  { "texture": "#side2" }, "east":  { "texture": "#side", "cullface": "east" } } }, {   "from": [ 2, 3, 0 ], "to": [ 14, 16, 2 ], "faces": { "down":  { "texture": "#inside" }, "up":    { "texture": "#top", "cullface": "up" }, "north": { "texture": "#side", "cullface": "north" }, "south": { "texture": "#side2" }, "west":  { "texture": "#side", "cullface": "west" }, "east":  { "texture": "#side", "cullface": "east" } } }, {   "from": [ 2, 3, 14 ], "to": [ 14, 16, 16 ], "faces": { "down":  { "texture": "#inside" }, "up":    { "texture": "#top", "cullface": "up" }, "north": { "texture": "#side2" }, "south": { "texture": "#side", "cullface": "south" }, "west":  { "texture": "#side", "cullface": "west" }, "east":  { "texture": "#side", "cullface": "east" } } }, {   "from": [ 0, 0, 0 ], "to": [ 4, 3, 2 ], "faces": { "down":  { "texture": "#bottom" }, "up":    { "texture": "#top" }, "north": { "texture": "#side" }, "south": { "texture": "#side" }, "west":  { "texture": "#side" }, "east":  { "texture": "#side" } } }, {   "from": [ 0, 0, 2 ], "to": [ 2, 3, 4 ], "faces": { "down":  { "texture": "#bottom" }, "up":    { "texture": "#top" }, "north": { "texture": "#side" }, "south": { "texture": "#side" }, "west":  { "texture": "#side" }, "east":  { "texture": "#side" } } }, {   "from": [ 12, 0, 0 ], "to": [ 16, 3, 2 ], "faces": { "down":  { "texture": "#bottom" }, "up":    { "texture": "#top" }, "north": { "texture": "#side" }, "south": { "texture": "#side" }, "west":  { "texture": "#side" }, "east":  { "texture": "#side" } } }, {   "from": [ 14, 0, 2 ], "to": [ 16, 3, 4 ], "faces": { "down":  { "texture": "#bottom" }, "up":    { "texture": "#top" }, "north": { "texture": "#side" }, "south": { "texture": "#side" }, "west":  { "texture": "#side" }, "east":  { "texture": "#side" } } }, {   "from": [ 0, 0, 14 ], "to": [ 4, 3, 16 ], "faces": { "down":  { "texture": "#bottom" }, "up":    { "texture": "#top" }, "north": { "texture": "#side" }, "south": { "texture": "#side" }, "west":  { "texture": "#side" }, "east":  { "texture": "#side" } } }, {   "from": [ 0, 0, 12 ], "to": [ 2, 3, 14 ], "faces": { "down":  { "texture": "#bottom" }, "up":    { "texture": "#top" }, "north": { "texture": "#side" }, "south": { "texture": "#side" }, "west":  { "texture": "#side" }, "east":  { "texture": "#side" } } }, {   "from": [ 12, 0, 14 ], "to": [ 16, 3, 16 ], "faces": { "down":  { "texture": "#bottom" }, "up":    { "texture": "#top" }, "north": { "texture": "#side" }, "south": { "texture": "#side" }, "west":  { "texture": "#side" }, "east":  { "texture": "#side" } } }, {   "from": [ 14, 0, 12 ], "to": [ 16, 3, 14 ], "faces": { "down":  { "texture": "#bottom" }, "up":    { "texture": "#top" }, "north": { "texture": "#side" }, "south": { "texture": "#side" }, "west":  { "texture": "#side" }, "east":  { "texture": "#side" } } }, {   "from": [ 2, 9, 2 ], "to": [ 14, 9, 14 ], "faces": { "up": { "texture": "#water", "tintindex": 0 } } } ] } 