{ "credit": "你要是抄了看这里活塞头就可以知道！！！", "ambientocclusion": false, "textures": { "particle": "block/comparator2", "top": "block/comparator2", "unlit": "block/redstone_torch_off", "lit": "block/redstone_torch" }, "elements": [ { "from": [0, 0, 0], "to": [16, 2, 16], "faces": { "north": {"uv": [0, 14, 16, 16], "texture": "#top", "cullface": "north"}, "east": {"uv": [0, 14, 16, 16], "texture": "#top", "cullface": "east"}, "south": {"uv": [0, 14, 16, 16], "texture": "#top", "cullface": "south"}, "west": {"uv": [0, 14, 16, 16], "texture": "#top", "cullface": "west"}, "up": {"uv": [0, 0, 16, 16], "texture": "#top"}, "down": {"uv": [0, 16, 16, 0], "texture": "#top", "cullface": "down"} } }, { "from": [4, 2, 11], "to": [6, 7, 13], "faces": { "north": {"uv": [7, 6, 9, 11], "texture": "#unlit"}, "east": {"uv": [7, 6, 9, 11], "texture": "#unlit"}, "south": {"uv": [7, 6, 9, 11], "texture": "#unlit"}, "west": {"uv": [7, 6, 9, 11], "texture": "#unlit"}, "up": {"uv": [7, 6, 9, 8], "texture": "#unlit"}, "down": {"uv": [7, 13, 9, 15], "texture": "#unlit"} } }, { "from": [10, 2, 11], "to": [12, 7, 13], "faces": { "north": {"uv": [7, 6, 9, 11], "texture": "#unlit"}, "east": {"uv": [7, 6, 9, 11], "texture": "#unlit"}, "south": {"uv": [7, 6, 9, 11], "texture": "#unlit"}, "west": {"uv": [7, 6, 9, 11], "texture": "#unlit"}, "up": {"uv": [7, 6, 9, 8], "texture": "#unlit"}, "down": {"uv": [7, 13, 9, 15], "texture": "#unlit"} } }, { "from": [7, 5, 2], "to": [9, 5, 4], "faces": { "up": {"uv": [7, 6, 9, 8], "texture": "#lit"} } }, { "from": [7, 2, 1], "to": [9, 6, 5], "faces": { "east": {"uv": [6, 5, 10, 9], "texture": "#lit"}, "west": {"uv": [6, 5, 10, 9], "texture": "#lit"} } }, { "from": [6, 2, 2], "to": [10, 6, 4], "faces": { "north": {"uv": [6, 5, 10, 9], "texture": "#lit"}, "south": {"uv": [6, 5, 10, 9], "texture": "#lit"} } } ] }