{  "parent": "block/cube_bottom_top", "textures": { "particle": "block/dropper_bottom", "bottom": "block/dropper_bottom", "top": "block/dropper_front_vertical", "side": "block/dropper_top" }, "elements": [ { "from": [0, 0, 0], "to": [16, 16, 16], "faces": { "north": {"uv": [0, 0, 16, 16], "rotation": 180, "texture": "#side"}, "east": {"uv": [0, 0, 16, 16], "rotation": 180, "texture": "#side"}, "south": {"uv": [0, 0, 16, 16], "rotation": 180, "texture": "#side"}, "west": {"uv": [0, 0, 16, 16], "rotation": 180, "texture": "#side"}, "up": {"uv": [0, 0, 16, 16], "texture": "#top"}, "down": {"uv": [0, 0, 16, 16], "texture": "#bottom"} } } ] }