{ "credit": "你要是抄了看这里活塞头就可以知道！！！这个漏斗的模型原作者是xekr！！", "ambientocclusion": false, "textures": { "top": "block/hopper_top", "particle": "block/hopper_outside", "side": "block/hopper_outside", "side2": "block/hopper_outside2", "side3": "block/hopper_outside3", "inside": "block/hopper_inside2" }, "elements": [ { "name": "Element", "from": [0, 10, 0], "to": [16, 11, 16], "faces": { "north": {"uv": [0, 5, 16, 6], "texture": "#side"}, "east": {"uv": [0, 5, 16, 6], "texture": "#side3"}, "south": {"uv": [0, 5, 16, 6], "texture": "#side"}, "west": {"uv": [0, 5, 16, 6], "texture": "#side2"}, "up": {"uv": [0, 0, 16, 16], "texture": "#inside"}, "down": {"uv": [0, 0, 16, 16], "rotation": 180, "texture": "#inside"} } }, { "name": "Element", "from": [0, 11, 0], "to": [2, 16, 16], "faces": { "north": {"uv": [14, 0, 16, 5], "texture": "#side"}, "east": {"uv": [0, 0, 16, 5], "texture": "#side"}, "south": {"uv": [0, 0, 2, 5], "texture": "#side"}, "west": {"uv": [0, 0, 16, 5], "texture": "#side2"}, "up": {"uv": [0, 0, 2, 16], "texture": "#top"} } }, { "name": "Element", "from": [14, 11, 0], "to": [16, 16, 16], "faces": { "north": {"uv": [0, 0, 2, 5], "texture": "#side"}, "east": {"uv": [0, 8, 16, 13], "texture": "#side2"}, "south": {"uv": [14, 0, 16, 5], "texture": "#side"}, "west": {"uv": [0, 0, 16, 5], "texture": "#side"}, "up": {"uv": [14, 0, 16, 16], "texture": "#top"} } }, { "name": "Element", "from": [2, 11, 0], "to": [14, 16, 2], "faces": { "north": {"uv": [2, 8, 14, 13], "texture": "#side3"}, "south": {"uv": [2, 0, 14, 5], "texture": "#side"}, "up": {"uv": [2, 0, 14, 2], "texture": "#top"} } }, { "name": "Element", "from": [2, 11, 14], "to": [14, 16, 16], "faces": { "north": {"uv": [2, 0, 14, 5], "texture": "#side"}, "south": {"uv": [2, 0, 14, 5], "texture": "#side"}, "up": {"uv": [2, 14, 14, 16], "texture": "#top"} } }, { "name": "Element", "from": [4, 4, 4], "to": [12, 10, 12], "faces": { "north": {"uv": [0, 6, 8, 12], "texture": "#side"}, "east": {"uv": [0, 6, 8, 12], "texture": "#side"}, "south": {"uv": [0, 6, 8, 12], "texture": "#side"}, "west": {"uv": [0, 6, 8, 12], "texture": "#side"}, "down": {"uv": [8, 6, 16, 14], "texture": "#side"} } }, { "name": "Element", "from": [6, 4, 0], "to": [10, 8, 4], "faces": { "north": {"uv": [0, 12, 4, 16], "texture": "#side"}, "east": {"uv": [4, 12, 8, 16], "rotation": 270, "texture": "#side"}, "west": {"uv": [4, 12, 8, 16], "rotation": 90, "texture": "#side"}, "up": {"uv": [4, 12, 8, 16], "rotation": 180, "texture": "#side"}, "down": {"uv": [4, 12, 8, 16], "texture": "#side"} } } ] }