{ "credit": "你要是抄了看这里活塞头就可以知道！！！", "textures": { "side2": "block/piston_side_sticky_on", "particle": "block/piston_top_sticky_on", "platform": "block/piston_top_sticky_on", "side": "block/piston_side_sticky" }, "elements": [ { "name": "Element", "from": [0, 0, 0], "to": [16, 16, 4], "faces": { "north": {"uv": [0, 0, 16, 16], "texture": "#platform", "cullface": "north"}, "east": {"uv": [0, 0, 16, 4], "rotation": 90, "texture": "#side2", "cullface": "east"}, "south": {"uv": [0, 0, 16, 16], "texture": "#platform"}, "west": {"uv": [0, 0, 16, 4], "rotation": 270, "texture": "#side2", "cullface": "west"}, "up": {"uv": [0, 0, 16, 4], "texture": "#side2", "cullface": "up"}, "down": {"uv": [0, 0, 16, 4], "rotation": 180, "texture": "#side2", "cullface": "down"} } }, { "name": "Element", "from": [6, 6, 4], "to": [10, 10, 20], "faces": { "east": {"uv": [0, 0, 16, 4], "texture": "#side"}, "west": {"uv": [16, 4, 0, 0], "texture": "#side"}, "up": {"uv": [0, 0, 16, 4], "rotation": 270, "texture": "#side"}, "down": {"uv": [0, 0, 16, 4], "rotation": 90, "texture": "#side"} } } ] }