{ "credit": "Made by XeKr with Blockbench", "ambientocclusion": false, "textures": { "line": "block/redstone_dust_line0", "overlay": "block/redstone_dust_overlay" }, "elements": [ { "from": [0, 0, 0.25], "to": [16, 16, 0.25], "shade": false, "faces": { "north": {"uv": [16, 0, 0, 16], "texture": "#line", "tintindex": 0}, "south": {"uv": [0, 0, 16, 16], "texture": "#line", "tintindex": 0} } }, { "from": [0, 16, 0.25], "to": [16, 16.37, 0.25], "shade": false, "rotation": {"angle": -45, "axis": "x", "origin": [8, 16, 0.25]}, "faces": { "north": {"uv": [16, 0, 0, 1], "texture": "#line", "tintindex": 0}, "south": {"uv": [0, 0, 16, 1], "texture": "#line", "tintindex": 0} } }, { "from": [0, 0, 0.25], "to": [16, 16, 0.25], "shade": false, "faces": { "north": {"uv": [16, 0, 0, 16], "texture": "#overlay"}, "south": {"uv": [0, 0, 16, 16], "texture": "#overlay"} } } ] }