{ "ambientocclusion": false, "textures": { "particle": "block/repeater", "slab": "block/repeater1", "top": "block/repeater3", "lock": "block/bedrock", "unlit": "block/redstone_torch_off" }, "elements": [ {   "from": [ 0, 0, 0 ], "to": [ 16, 2, 16 ], "faces": { "down":  { "uv": [ 16,  16, 0, 0 ], "texture": "#top", "cullface": "down" }, "up":    { "uv": [ 0,  0, 16, 16 ], "texture": "#top" }, "north": { "uv": [ 0, 14, 16, 16 ], "texture": "#slab", "cullface": "north" }, "south": { "uv": [ 0, 14, 16, 16 ], "texture": "#slab", "cullface": "south" }, "west": { "uv": [ 0, 0, 2, 16 ], "texture": "#top", "cullface": "west", "rotation": 270 }, "east": { "uv": [ 14, 0, 16, 16 ], "texture": "#top", "cullface": "east", "rotation": 90 } } }, {   "from": [ 2, 2, 10 ], "to": [ 14, 4, 12 ], "faces": { "down":  { "uv": [ 7, 2,  9, 14 ], "texture": "#lock", "rotation": 90 }, "up":    { "uv": [ 7, 2,  9, 14 ], "texture": "#lock", "rotation": 90 }, "north": { "uv": [ 2, 7, 14,  9 ], "texture": "#lock" }, "south": { "uv": [ 2, 7, 14,  9 ], "texture": "#lock" }, "west":  { "uv": [ 6, 7,  8,  9 ], "texture": "#lock" }, "east":  { "uv": [ 6, 7,  8,  9 ], "texture": "#lock" } } }, {   "from": [ 7, 2, 2 ], "to": [ 9, 7, 4 ], "faces": { "down":  { "uv": [ 7, 13, 9, 15 ], "texture": "#unlit" }, "up":    { "uv": [ 7,  6, 9,  8 ], "texture": "#unlit" }, "north": { "uv": [ 7,  6, 9, 11 ], "texture": "#unlit" }, "south": { "uv": [ 7,  6, 9, 11 ], "texture": "#unlit" }, "west":  { "uv": [ 7,  6, 9, 11 ], "texture": "#unlit" }, "east":  { "uv": [ 7,  6, 9, 11 ], "texture": "#unlit" } } } ] } 