{ "__comment": "Designed by XeKr with Cubik Studio - https://cubik.studio", "ambientocclusion": false, "textures": { "particle": "block/repeater", "slab": "block/repeater1", "top": "block/repeater1", "unlit": "block/redstone_torch_off" }, "elements": [ { "__comment": "Element", "from": [ 0, 0, 0 ], "to": [ 16, 2, 16 ], "faces": { "down": { "uv": [ 16, 16, 0, 0 ], "texture": "#top", "cullface": "down" }, "up": { "uv": [ 0, 0, 16, 16 ], "texture": "#top" }, "north": { "uv": [ 0, 14, 16, 16 ], "texture": "#slab", "cullface": "north" }, "south": { "uv": [ 0, 14, 16, 16 ], "texture": "#slab", "cullface": "south" }, "west": { "uv": [ 0, 0, 2, 16 ], "texture": "#top", "cullface": "west", "rotation": 270 }, "east": { "uv": [ 14, 0, 16, 16 ], "texture": "#top", "cullface": "east", "rotation": 90 } } }, { "__comment": "Element", "from": [ 7, 2, 6 ], "to": [ 9, 7, 8 ], "faces": { "down": { "uv": [ 7, 13, 9, 15 ], "texture": "#unlit" }, "up": { "uv": [ 7, 6, 9, 8 ], "texture": "#unlit" }, "north": { "uv": [ 7, 6, 9, 11 ], "texture": "#unlit" }, "south": { "uv": [ 7, 6, 9, 11 ], "texture": "#unlit" }, "west": { "uv": [ 7, 6, 9, 11 ], "texture": "#unlit" }, "east": { "uv": [ 7, 6, 9, 11 ], "texture": "#unlit" } } }, { "__comment": "Element", "from": [ 7, 2, 2 ], "to": [ 9, 7, 4 ], "faces": { "down": { "uv": [ 7, 13, 9, 15 ], "texture": "#unlit" }, "up": { "uv": [ 7, 6, 9, 8 ], "texture": "#unlit" }, "north": { "uv": [ 7, 6, 9, 11 ], "texture": "#unlit" }, "south": { "uv": [ 7, 6, 9, 11 ], "texture": "#unlit" }, "west": { "uv": [ 7, 6, 9, 11 ], "texture": "#unlit" }, "east": { "uv": [ 7, 6, 9, 11 ], "texture": "#unlit" } } } ] }